Horizonte,Bloco,Modelo,Segmento,N,WMAPE,MAE,RMSE,R2,Bias,Bias_Pct,SSE,SST_POOLED
H1,Validação,Baseline Sazonal,BIOCOMBUSTÍVEIS,3,0.13636363636363635,30.0,30.40833219146796,-1.5356489945155394,-12.0,-0.05454545454545454,2774.0,1094.0
H1,Validação,Baseline Sazonal,CORPORATIVO / OUTROS NEGÓCIOS,16,0.9312649500492473,827.3125,1512.2090835926097,-1.1924027270676216,-168.0625,-0.18917968200365837,36588421.0,16688731.75
H1,Validação,Baseline Sazonal,DISTRIBUIÇÃO,3,0.6856364712847839,9650.333333333334,14668.527090338688,-1.4536671075254355,9650.333333333334,0.6856364712847839,645497061.0,263074424.0
H1,Validação,Baseline Sazonal,E&P,16,0.18083058390952592,5477.4375,7058.514906657066,-0.18995712044968416,-3221.6875,-0.10635988668040863,797162123.0,669908275.9375
H1,Validação,Baseline Sazonal,GÁS & ENERGIA / G&EBC,16,0.43979773829995333,4299.875,5742.128438131631,-0.5195633514590163,-1330.125,-0.1360472029201373,527552624.0,347173826.9375
H1,Validação,Baseline Sazonal,REFINO / RTC,16,0.27296477590030555,22685.8125,28962.79555632536,0.09574818882452252,-16562.3125,-0.19928437299538332,13421496423.0,14842653624.9375
H1,Validação,Baseline Último,BIOCOMBUSTÍVEIS,3,0.08636363636363636,19.0,25.212430796467576,-0.743144424131627,18.333333333333332,0.08333333333333333,1907.0,1094.0
H1,Validação,Baseline Último,CORPORATIVO / OUTROS NEGÓCIOS,16,0.7154917686787674,635.625,1492.1491212342016,-1.1346226024634856,-37.5,-0.04221190375685943,35624144.0,16688731.75
H1,Validação,Baseline Último,DISTRIBUIÇÃO,3,0.5649970396684428,7952.333333333333,11084.53133876214,-0.40112634058261776,7952.333333333333,0.5649970396684428,368600505.0,263074424.0
H1,Validação,Baseline Último,E&P,16,0.08811361671484606,2669.0,3510.717038583429,0.7056281388313551,-738.75,-0.02438888510606689,197202146.0,669908275.9375
H1,Validação,Baseline Último,GÁS & ENERGIA / G&EBC,16,0.25090295401806545,2453.0625,3235.617918188116,0.5175109411973168,-326.8125,-0.033426878304172444,167507573.0,347173826.9375
H1,Validação,Baseline Último,REFINO / RTC,16,0.12649211163360138,10512.625,13054.827038302728,0.8162824375677309,-3458.25,-0.041611048149905655,2726856144.0,14842653624.9375
H1,Validação,Gradient Boosting,BIOCOMBUSTÍVEIS,3,5.64819716849125,1242.603377068075,1245.3451546138106,-4251.882689543224,1242.603377068075,5.64819716849125,4652653.662360287,1094.0
H1,Validação,Gradient Boosting,CORPORATIVO / OUTROS NEGÓCIOS,16,1.5770476707928782,1401.0097245406232,1602.0614023637588,-1.4606790022315352,987.7331777400643,1.1118426089658808,41065611.79109974,16688731.75
H1,Validação,Gradient Boosting,DISTRIBUIÇÃO,3,0.4767038470515326,6709.606647250322,10153.800270267466,-0.17570904492582295,6709.606647250322,0.4767038470515326,309298979.785451,263074424.0
H1,Validação,Gradient Boosting,E&P,16,0.10426668274804404,3158.283437111956,4120.095230635124,0.5945669502710005,-1850.7084306528707,-0.061098768568558004,271602955.3520367,669908275.9375
H1,Validação,Gradient Boosting,GÁS & ENERGIA / G&EBC,16,0.28633596511961296,2799.488834976636,3617.6782856084915,0.3968395005528207,940.7644812138014,0.096222818363501,209401538.8506111,347173826.9375
H1,Validação,Gradient Boosting,REFINO / RTC,16,0.24523402694351012,20381.1394181215,25516.44412410619,0.29814283920797213,-17322.28293143444,-0.2084286414013468,10417422731.818134,14842653624.9375
H1,Validação,Random Forest ampliada,BIOCOMBUSTÍVEIS,3,0.7346688629207979,161.62714984257556,177.38701852571648,-85.28744334947774,161.62714984257556,0.7346688629207979,94398.46302432865,1094.0
H1,Validação,Random Forest ampliada,CORPORATIVO / OUTROS NEGÓCIOS,16,0.8563713998874168,760.7789423749839,1321.0511776390083,-0.6731540683468997,186.53823824203704,0.20997691092391957,27922819.423062574,16688731.75
H1,Validação,Random Forest ampliada,DISTRIBUIÇÃO,3,0.5861377872146141,8249.889355045692,11328.130289326384,-0.4633866785767877,8249.889355045692,0.5861377872146141,384979607.5558616,263074424.0
H1,Validação,Random Forest ampliada,E&P,16,0.14446505703436913,4375.909781033493,5540.7828712555565,0.2667587267302083,2108.3835765683325,0.06960558349704696,491204397.22238344,669908275.9375
H1,Validação,Random Forest ampliada,GÁS & ENERGIA / G&EBC,16,0.255584500067172,2498.8336831254865,3574.0102913832216,0.4113127858471779,153.89206165954874,0.01574031353473915,204376793.00661087,347173826.9375
H1,Validação,Random Forest ampliada,REFINO / RTC,16,0.24104329100933644,20032.851807289255,25338.677767783945,0.30788808282544067,-17004.404686895337,-0.20460380313363213,10272777456.313416,14842653624.9375
H1,Validação,Random Forest grade original,BIOCOMBUSTÍVEIS,3,0.9815796370186537,215.9475201441038,250.07778817489657,-170.49606984949298,215.9475201441038,0.9815796370186537,187616.70041534532,1094.0
H1,Validação,Random Forest grade original,CORPORATIVO / OUTROS NEGÓCIOS,16,1.0246583510091516,910.2808625777551,1481.5317631374248,-1.1043529471891347,348.21843183619535,0.3919723448275732,35118981.842961386,16688731.75
H1,Validação,Random Forest grade original,DISTRIBUIÇÃO,3,0.5877618640541108,8272.748236561609,11780.970356626553,-0.5827224148218246,8272.748236561609,0.5877618640541108,416373787.6311406,263074424.0
H1,Validação,Random Forest grade original,E&P,16,0.14631456239116725,4431.932107449502,5781.812313769631,0.20157777218379747,2179.7689931423183,0.07196228159934363,534869658.10653013,669908275.9375
H1,Validação,Random Forest grade original,GÁS & ENERGIA / G&EBC,16,0.23776615265268292,2324.62481410074,3449.567919303139,0.4515937363203315,-2.665941011893665,-0.0002726764911705393,190392301.27816623,347173826.9375
H1,Validação,Random Forest grade original,REFINO / RTC,16,0.23825529464856665,19801.14439199181,24878.905439272134,0.33277706103300553,-17138.48163410065,-0.20621707062613634,9903358973.699913,14842653624.9375
H1,Validação,Ridge + Brent e Câmbio,BIOCOMBUSTÍVEIS,3,6.155265776963786,1354.158470932033,1532.2381588173018,-6437.08165082953,1354.158470932033,6.155265776963786,7043261.326007506,1094.0
H1,Validação,Ridge + Brent e Câmbio,CORPORATIVO / OUTROS NEGÓCIOS,16,2.482187488630175,2205.113310211832,2948.978350179753,-7.337576218592066,1246.5112985015126,1.4031363990448995,139143572.95726234,16688731.75
H1,Validação,Ridge + Brent e Câmbio,DISTRIBUIÇÃO,3,0.48930130259860694,6886.915834075393,8463.802152278044,0.1830910912924042,6886.915834075393,0.48930130259860694,214907840.61871934,263074424.0
H1,Validação,Ridge + Brent e Câmbio,E&P,16,0.17390439432772958,5267.640187359448,7124.8333559498415,-0.21242270736876856,61.74442680394395,0.0020384131726041907,812212005.6008878,669908275.9375
H1,Validação,Ridge + Brent e Câmbio,GÁS & ENERGIA / G&EBC,16,0.34903295984241384,3412.4734338192898,4362.560690435558,0.1228861486192715,-18.699411480370145,-0.0019126041749136828,304510972.44373715,347173826.9375
H1,Validação,Ridge + Brent e Câmbio,REFINO / RTC,16,0.12279196801887682,10205.109995582832,12638.817548421446,0.8278046898525979,-4482.318919098949,-0.05393305526374884,2555835344.356574,14842653624.9375
H1,Validação,Ridge Contábil,BIOCOMBUSTÍVEIS,3,1.8564121651359555,408.41067632991025,493.70456115533216,-667.4027249695954,253.0773429965769,1.1503515590753495,731232.5811167373,1094.0
H1,Validação,Ridge Contábil,CORPORATIVO / OUTROS NEGÓCIOS,16,1.1732767255642218,1042.3097110731155,1647.8589923268119,-1.603375066980591,-97.81822101907903,-0.11010915550198849,43447028.13747737,16688731.75
H1,Validação,Ridge Contábil,DISTRIBUIÇÃO,3,0.44312368147880443,6236.965816814172,8718.872042902709,0.13311151409560307,6236.965816814172,0.44312368147880443,228056189.10153136,263074424.0
H1,Validação,Ridge Contábil,E&P,16,0.17238018781773198,5221.471305331272,6836.119700574194,-0.11615358076128235,-100.23055290172215,-0.0033089833351440416,747720520.9692578,669908275.9375
H1,Validação,Ridge Contábil,GÁS & ENERGIA / G&EBC,16,0.32878316005879227,3214.492406947308,4105.406096852898,0.22324286395650872,-714.8179592465993,-0.07311266531535048,269669747.5212312,347173826.9375
H1,Validação,Ridge Contábil,REFINO / RTC,16,0.11783889814034323,9793.465620614652,12315.624041038138,0.8364986753954946,-3541.0998957704423,-0.04260793125613527,2426793528.323145,14842653624.9375
H1,Teste,Baseline Sazonal,CORPORATIVO / OUTROS NEGÓCIOS,14,0.21568299615448921,92.14285714285714,136.08085831592922,-7.424833976690584,66.14285714285714,0.15482360809229226,259252.0,30772.35714285714
H1,Teste,Baseline Sazonal,E&P,14,0.12372538984654276,4558.785714285715,5460.865518787815,-0.49251987502084993,-863.0714285714286,-0.023423748264979335,417494731.0,279724738.0
H1,Teste,Baseline Sazonal,GÁS & ENERGIA / G&EBC,14,0.3845816129200857,2627.9285714285716,3781.874072467247,-22.274784024834815,1970.5,0.2883708775414206,200236001.0,8603130.357142856
H1,Teste,Baseline Sazonal,REFINO / RTC,14,0.13066557967214715,14150.214285714286,18257.377939186277,-2.2210345723886755,4399.785714285715,0.040628398919073654,4666645889.0,1448803415.2142859
H1,Teste,Baseline Último,CORPORATIVO / OUTROS NEGÓCIOS,14,0.13175054338739342,56.285714285714285,86.98275691193054,-2.4421802498996086,11.285714285714286,0.02641698712589868,105924.0,30772.35714285714
H1,Teste,Baseline Último,E&P,14,0.07575739952388706,2791.3571428571427,3193.016252027898,0.48973072592528444,-673.3571428571429,-0.01827490481618474,142734939.0,279724738.0
H1,Teste,Baseline Último,GÁS & ENERGIA / G&EBC,14,0.18538650499137616,1266.7857142857142,1973.1857308858253,-5.335887605695021,507.64285714285717,0.07429049286572936,54508467.0,8603130.357142856
H1,Teste,Baseline Último,REFINO / RTC,14,0.11150993960188826,12075.785714285714,15452.984831879105,-1.3075086156568272,-699.9285714285714,-0.006463264136370322,3343126363.0,1448803415.2142859
H1,Teste,Gradient Boosting,CORPORATIVO / OUTROS NEGÓCIOS,14,3.284603772068599,1403.229654338735,1405.2390155307053,-897.3957108788785,1403.229654338735,3.284603772068599,27645753.670775875,30772.35714285714
H1,Teste,Gradient Boosting,E&P,14,0.08617706070013825,3175.279978557294,3745.112962839369,0.2980163396846771,-1493.284568497316,-0.040527725356818,196362195.4619847,279724738.0
H1,Teste,Gradient Boosting,GÁS & ENERGIA / G&EBC,14,0.3163819617936327,2161.9057410705623,3278.4929944438645,-16.491217982034605,2161.9057410705623,0.3163819617936327,150479228.40464494,8603130.357142856
H1,Teste,Gradient Boosting,REFINO / RTC,14,0.11154045085927711,12079.089880779004,18208.325593878635,-2.20374982852399,-6514.563701866602,-0.06015663262957854,4641603693.057739,1448803415.2142859
H1,Teste,Random Forest ampliada,CORPORATIVO / OUTROS NEGÓCIOS,14,0.22162126636518878,94.67977100929957,124.12191497750392,-6.009131471022953,75.01537564468926,0.17559191757660084,215687.49688755797,30772.35714285714
H1,Teste,Random Forest ampliada,E&P,14,0.12482017925377259,4599.124324784505,5942.235364262564,-0.7672453972951689,654.4801721142254,0.017762584055643092,494342255.74009705,279724738.0
H1,Teste,Random Forest ampliada,GÁS & ENERGIA / G&EBC,14,0.33211003237563474,2269.379017658221,3252.771904170739,-16.217843354528615,2165.559470401858,0.31691666320625117,148127350.8478755,8603130.357142856
H1,Teste,Random Forest ampliada,REFINO / RTC,14,0.07890736742433033,8545.143721685656,11559.570471884686,-0.29122512638877596,-975.9084412827298,-0.00901171103224127,1870731372.9225566,1448803415.2142859
H1,Teste,Random Forest grade original,CORPORATIVO / OUTROS NEGÓCIOS,14,0.2795999677504573,119.44910050824895,151.8140091694622,-9.485544081772575,83.31575985811791,0.19502100618853885,322664.9073214777,30772.35714285714
H1,Teste,Random Forest grade original,E&P,14,0.1153975534697253,4251.938255145498,5627.222655645567,-0.5848397628205144,718.3193785647828,0.01949517935636929,443318887.4269505,279724738.0
H1,Teste,Random Forest grade original,GÁS & ENERGIA / G&EBC,14,0.36222946846522164,2475.191578623245,3570.8359660571223,-19.749676633994913,2309.415524731293,0.33796913548568547,178512172.95081943,8603130.357142856
H1,Teste,Random Forest grade original,REFINO / RTC,14,0.07968888766177488,8629.77717187361,10956.819460124312,-0.1600790555121896,-1249.9102600368776,-0.011541892254647124,1680726497.5446234,1448803415.2142859
H1,Teste,Ridge + Brent e Câmbio,CORPORATIVO / OUTROS NEGÓCIOS,14,0.764393061303606,326.55963568977626,428.4644092713087,-82.52120990404993,49.33667729877042,0.1154846149778943,2570144.5001709615,30772.35714285714
H1,Teste,Ridge + Brent e Câmbio,E&P,14,0.11141286215378142,4105.11831891823,4859.519573333027,-0.1819084330342473,546.2787529070395,0.014825998830457567,330609026.77049536,279724738.0
H1,Teste,Ridge + Brent e Câmbio,GÁS & ENERGIA / G&EBC,14,0.17028052292755838,1163.563301847491,2000.2226857013416,-5.510708168802182,959.3493364805296,0.14039503173289514,56012471.09352003,8603130.357142856
H1,Teste,Ridge + Brent e Câmbio,REFINO / RTC,14,0.1005039201808512,10883.906922402126,13928.40946635697,-0.8746561715367867,-1671.6607522864517,-0.015436410841721806,2716008263.6750345,1448803415.2142859
H1,Teste,Ridge Contábil,CORPORATIVO / OUTROS NEGÓCIOS,14,0.6826889296302278,291.654463437028,347.4824445497531,-53.932960836774555,-22.74780185104698,-0.053246819246724246,1690416.689783811,30772.35714285714
H1,Teste,Ridge Contábil,E&P,14,0.11098308380791166,4089.282705986313,5519.576536651991,-0.5247852408943132,-768.1979588242393,-0.020848883428981148,426520152.01542866,279724738.0
H1,Teste,Ridge Contábil,GÁS & ENERGIA / G&EBC,14,0.1543088483155244,1054.42542672176,1440.241677775697,-2.3755324004266916,179.0942938337465,0.02620937765820782,29040145.265630167,8603130.357142856
H1,Teste,Ridge Contábil,REFINO / RTC,14,0.11380049209851968,12323.837333857884,15251.609679975167,-1.2477600034803258,-2046.0896091790014,-0.018893953084120063,3256562369.624371,1448803415.2142859
H2,Validação,Baseline Sazonal,BIOCOMBUSTÍVEIS,3,0.13636363636363635,30.0,30.40833219146796,-1.5356489945155394,-12.0,-0.05454545454545454,2774.0,1094.0
H2,Validação,Baseline Sazonal,CORPORATIVO / OUTROS NEGÓCIOS,16,0.9312649500492473,827.3125,1512.2090835926097,-1.1924027270676216,-168.0625,-0.18917968200365837,36588421.0,16688731.75
H2,Validação,Baseline Sazonal,DISTRIBUIÇÃO,3,0.6856364712847839,9650.333333333334,14668.527090338688,-1.4536671075254355,9650.333333333334,0.6856364712847839,645497061.0,263074424.0
H2,Validação,Baseline Sazonal,E&P,16,0.18083058390952592,5477.4375,7058.514906657066,-0.18995712044968416,-3221.6875,-0.10635988668040863,797162123.0,669908275.9375
H2,Validação,Baseline Sazonal,GÁS & ENERGIA / G&EBC,16,0.43979773829995333,4299.875,5742.128438131631,-0.5195633514590163,-1330.125,-0.1360472029201373,527552624.0,347173826.9375
H2,Validação,Baseline Sazonal,REFINO / RTC,16,0.27296477590030555,22685.8125,28962.79555632536,0.09574818882452252,-16562.3125,-0.19928437299538332,13421496423.0,14842653624.9375
H2,Validação,Baseline Último,BIOCOMBUSTÍVEIS,3,0.10151515151515152,22.333333333333332,25.592967784139454,-0.7961608775137112,13.666666666666666,0.06212121212121212,1965.0,1094.0
H2,Validação,Baseline Último,CORPORATIVO / OUTROS NEGÓCIOS,16,0.7831011678626706,695.6875,1471.1915876254866,-1.0750812895054174,-81.9375,-0.09223300970873786,34630475.0,16688731.75
H2,Validação,Baseline Último,DISTRIBUIÇÃO,3,0.7142687981053878,10053.333333333334,12580.710976199503,-0.8048993846699442,10053.333333333334,0.7142687981053878,474822866.0,263074424.0
H2,Validação,Baseline Último,E&P,16,0.1184367178585651,3587.5,4482.041289970452,0.5202043062534322,-1419.375,-0.046858847779930546,321419106.0,669908275.9375
H2,Validação,Baseline Último,GÁS & ENERGIA / G&EBC,16,0.364633608427997,3565.0,4822.444387963432,-0.07178447546677114,-488.0,-0.0499133803402139,372095518.0,347173826.9375
H2,Validação,Baseline Último,REFINO / RTC,16,0.19546333389233858,16244.75,18518.83424044289,0.6303116892264535,-7896.125,-0.09500933639056569,5487155546.0,14842653624.9375
H2,Validação,Gradient Boosting,BIOCOMBUSTÍVEIS,3,6.564555617918127,1444.202235941988,1446.0061990442045,-5732.822470770386,1444.202235941988,6.564555617918127,6272801.783022802,1094.0
H2,Validação,Gradient Boosting,CORPORATIVO / OUTROS NEGÓCIOS,16,2.0548487657846723,1825.4762723039585,1913.458259847135,-2.5102224106895132,1447.5073681782385,1.6293877790102587,58581160.19483562,16688731.75
H2,Validação,Gradient Boosting,DISTRIBUIÇÃO,3,0.5742472089718315,8082.529466278528,12436.499792776673,-0.7637578531282947,8082.529466278528,0.5742472089718315,463999581.2872027,263074424.0
H2,Validação,Gradient Boosting,E&P,16,0.1729770194157712,5239.5495955497045,6533.4407517368145,-0.01950310726867932,-4223.688361060313,-0.139439661809451,682973568.903285,669908275.9375
H2,Validação,Gradient Boosting,GÁS & ENERGIA / G&EBC,16,0.32503917672019533,3177.887715844805,4568.496858102429,0.03812271902632369,204.15717272006486,0.020881505350736348,333938616.67986816,347173826.9375
H2,Validação,Gradient Boosting,REFINO / RTC,16,0.2770871162275134,23028.415824607648,27933.770145761762,0.15886144429563964,-21044.812711984374,-0.2532196096476913,12484728232.900017,14842653624.9375
H2,Validação,Random Forest ampliada,BIOCOMBUSTÍVEIS,3,1.178835446181271,259.34379815987955,269.3907598818846,-198.00744472506187,259.34379815987955,1.178835446181271,217714.14452921768,1094.0
H2,Validação,Random Forest ampliada,CORPORATIVO / OUTROS NEGÓCIOS,16,0.9202768149710407,817.5509154998983,1359.1513887099143,-0.7710560875252497,172.29531553314413,0.19394435405447488,29556679.958913412,16688731.75
H2,Validação,Random Forest ampliada,DISTRIBUIÇÃO,3,0.7157543825411045,10074.242934266045,13323.487991849966,-1.0243168785077743,10074.242934266045,0.7157543825411045,532545996.80691075,263074424.0
H2,Validação,Random Forest ampliada,E&P,16,0.17751631813793894,5377.046939787356,6410.203239703275,0.018595063228961095,1300.9303892285157,0.04294855065162118,657451289.1888379,669908275.9375
H2,Validação,Random Forest ampliada,GÁS & ENERGIA / G&EBC,16,0.30399945053160965,2972.183627881889,4272.788195503137,0.15861311898180064,-179.42991841974776,-0.018352364267414798,292107503.41809523,347173826.9375
H2,Validação,Random Forest ampliada,REFINO / RTC,16,0.2685777219042504,22321.209103632726,28759.753319684267,0.1083821727193901,-20139.291564770752,-0.24232401677341564,13233974576.145443,14842653624.9375
H2,Validação,Random Forest grade original,BIOCOMBUSTÍVEIS,3,1.3108221186344193,288.38086609957224,291.0786509656717,-231.34035022302197,288.38086609957224,1.3108221186344193,254180.34314398604,1094.0
H2,Validação,Random Forest grade original,CORPORATIVO / OUTROS NEGÓCIOS,16,0.940284436734642,835.3251864841376,1421.416719797726,-0.9370440094184171,210.33593527078523,0.23676480683358406,32326807.86112844,16688731.75
H2,Validação,Random Forest grade original,DISTRIBUIÇÃO,3,0.7618168914112197,10722.572746612916,13326.476416827443,-1.0252250787586026,10722.572746612916,0.7618168914112197,532784921.06477404,263074424.0
H2,Validação,Random Forest grade original,E&P,16,0.15384584399494536,4660.057922163643,5131.394833221265,0.3711088187991516,534.6627591300323,0.017651206230680304,421299406.9505583,669908275.9375
H2,Validação,Random Forest grade original,GÁS & ENERGIA / G&EBC,16,0.32546929482944054,3182.0929537165134,4555.419124205348,0.043621757769813696,-168.64410745092596,-0.017249175158471245,332029494.35481316,347173826.9375
H2,Validação,Random Forest grade original,REFINO / RTC,16,0.27991763519823726,23263.657248838103,29979.348376888982,0.031158334013432376,-20823.65076279266,-0.25055850055588375,14380181265.646015,14842653624.9375
H2,Validação,Ridge + Brent e Câmbio,BIOCOMBUSTÍVEIS,3,10.118777497629214,2226.131049478427,2463.6684510643922,-16643.41198383004,2226.131049478427,10.118777497629214,18208986.710310064,1094.0
H2,Validação,Ridge + Brent e Câmbio,CORPORATIVO / OUTROS NEGÓCIOS,16,2.9460871844826158,2617.2302025147437,3396.3750971933655,-10.059307775940725,1681.002513778808,1.892221768711195,184565820.81336388,16688731.75
H2,Validação,Ridge + Brent e Câmbio,DISTRIBUIÇÃO,3,0.8001627063408377,11262.290091747293,13999.412886666016,-1.2349214894187188,11262.290091747293,0.8001627063408377,587950683.5140516,263074424.0
H2,Validação,Ridge + Brent e Câmbio,E&P,16,0.2253672524917212,6826.4726761472,9159.367026949682,-1.0037132209950501,-343.4409214111506,-0.01133826216313814,1342304069.349969,669908275.9375
H2,Validação,Ridge + Brent e Câmbio,GÁS & ENERGIA / G&EBC,16,0.4538677138444434,4437.436271525008,5211.542519514348,-0.2517153460463124,219.61832779836823,0.022462895748118286,434562806.9232954,347173826.9375
H2,Validação,Ridge + Brent e Câmbio,REFINO / RTC,16,0.18774852666039948,15603.580567936224,18858.206878107103,0.6166378593542274,-9167.871081153005,-0.11031149424997769,5690111466.519776,14842653624.9375
H2,Validação,Ridge Contábil,BIOCOMBUSTÍVEIS,3,2.474418326878527,544.3720319132759,699.731317183841,-1341.66156192276,233.03869857994263,1.0592668117270119,1468871.7487434994,1094.0
H2,Validação,Ridge Contábil,CORPORATIVO / OUTROS NEGÓCIOS,16,1.0353700176328844,919.7968394146137,1413.7405484648446,-0.9161790058719637,57.46921241432028,0.06469026302442131,31978597.413978875,16688731.75
H2,Validação,Ridge Contábil,DISTRIBUIÇÃO,3,0.6717024093422445,9454.211411492091,12976.92494781457,-0.9203757462323154,9454.211411492091,0.6717024093422445,505201743.30363655,263074424.0
H2,Validação,Ridge Contábil,E&P,16,0.24139683941361167,7312.015876955541,9239.80441217194,-1.0390608957494267,-690.0912935394681,-0.022782480231243542,1365983769.2030728,669908275.9375
H2,Validação,Ridge Contábil,GÁS & ENERGIA / G&EBC,16,0.3608363347671782,3527.8742927477783,4741.98188963162,-0.036317394773766054,-1068.3097961135986,-0.10926834666925084,359782275.8655083,347173826.9375
H2,Validação,Ridge Contábil,REFINO / RTC,16,0.1955473042034769,16251.72868334025,18917.99246699098,0.6142032841029696,-8633.139904467986,-0.10387739470821637,5726247023.698041,14842653624.9375
H2,Teste,Baseline Sazonal,CORPORATIVO / OUTROS NEGÓCIOS,14,0.21568299615448921,92.14285714285714,136.08085831592922,-7.424833976690584,66.14285714285714,0.15482360809229226,259252.0,30772.35714285714
H2,Teste,Baseline Sazonal,E&P,14,0.12372538984654276,4558.785714285715,5460.865518787815,-0.49251987502084993,-863.0714285714286,-0.023423748264979335,417494731.0,279724738.0
H2,Teste,Baseline Sazonal,GÁS & ENERGIA / G&EBC,14,0.3845816129200857,2627.9285714285716,3781.874072467247,-22.274784024834815,1970.5,0.2883708775414206,200236001.0,8603130.357142856
H2,Teste,Baseline Sazonal,REFINO / RTC,14,0.13066557967214715,14150.214285714286,18257.377939186277,-2.2210345723886755,4399.785714285715,0.040628398919073654,4666645889.0,1448803415.2142859
H2,Teste,Baseline Último,CORPORATIVO / OUTROS NEGÓCIOS,14,0.19913058017054006,85.07142857142857,119.7303518029457,-5.521924825852516,31.5,0.07373348938304632,200695.0,30772.35714285714
H2,Teste,Baseline Último,E&P,14,0.10767790262172285,3967.5,4655.493306683131,-0.08474728824305844,-939.9285714285714,-0.02550965020432534,303430651.0,279724738.0
H2,Teste,Baseline Último,GÁS & ENERGIA / G&EBC,14,0.2623111900904197,1792.4285714285713,2562.9753914430894,-9.689574164553477,1040.7142857142858,0.15230230491820415,91963800.0,8603130.357142856
H2,Teste,Baseline Último,REFINO / RTC,14,0.11451170662756652,12400.857142857143,16160.060771632548,-1.5235072333531519,2598.5714285714284,0.02399566785193921,3656065898.0,1448803415.2142859
H2,Teste,Gradient Boosting,CORPORATIVO / OUTROS NEGÓCIOS,14,3.800613006073805,1623.6761706662448,1626.3670603631017,-1202.384493380392,1623.6761706662448,3.800613006073805,37030977.41047763,30772.35714285714
H2,Teste,Gradient Boosting,E&P,14,0.1255769437171572,4627.0080682023745,5734.6125683218115,-0.6459071214593926,-1884.2243097675819,-0.051137825266449055,460400938.32256275,279724738.0
H2,Teste,Gradient Boosting,GÁS & ENERGIA / G&EBC,14,0.5062993520510867,3459.6519652833717,4418.624370959739,-30.772083799242615,3459.6519652833717,0.5062993520510867,273339378.6429509,8603130.357142856
H2,Teste,Gradient Boosting,REFINO / RTC,14,0.12876793482496515,13944.711954548102,20352.363162143385,-3.002655948402139,-7977.144261758638,-0.07366236002117327,5799061607.9727955,1448803415.2142859
H2,Teste,Random Forest ampliada,CORPORATIVO / OUTROS NEGÓCIOS,14,0.2725837943226016,116.45169098882002,156.04443945064054,-10.07806391255386,99.24047086494988,0.23229670491712062,340898.1391685047,30772.35714285714
H2,Teste,Random Forest ampliada,E&P,14,0.169349465881853,6239.850419882756,7993.054400877737,-2.1975894144030748,2052.1313102149156,0.05569481925351234,894444861.1754735,279724738.0
H2,Teste,Random Forest ampliada,GÁS & ENERGIA / G&EBC,14,0.43314264638686073,2959.756519042788,3763.530292292564,-22.049545388954026,2918.8749617533185,0.42715987523698806,198298243.65405253,8603130.357142856
H2,Teste,Random Forest ampliada,REFINO / RTC,14,0.07110774818833467,7700.496770183679,11261.2372071036,-0.22543643219019427,-1577.6755639003386,-0.014568535000896863,1775416488.085163,1448803415.2142859
H2,Teste,Random Forest grade original,CORPORATIVO / OUTROS NEGÓCIOS,14,0.2101720698621583,89.78851070325491,106.53746604039983,-4.163830727904294,-51.321901116478784,-0.12013151908221083,158903.24338433088,30772.35714285714
H2,Teste,Random Forest grade original,E&P,14,0.21333882263258794,7860.682258720335,11192.413219813987,-5.269669261654422,3507.0825549096176,0.0951821786600884,1753781591.5629365,279724738.0
H2,Teste,Random Forest grade original,GÁS & ENERGIA / G&EBC,14,0.44959696052535386,3072.1923734755696,3811.300242228016,-22.638388013132577,3001.072204619973,0.439188949612498,203364133.50970268,8603130.357142856
H2,Teste,Random Forest grade original,REFINO / RTC,14,0.07877204027647944,8530.488690532316,12072.532078148233,-0.408365282317519,-1807.6740546150581,-0.016692381714886097,2040444430.8908534,1448803415.2142859
H2,Teste,Ridge + Brent e Câmbio,CORPORATIVO / OUTROS NEGÓCIOS,14,1.4484198539732045,618.7856533295526,841.9537840737108,-321.5104400404445,337.9743093162688,0.7911119094512227,9924406.443224572,30772.35714285714
H2,Teste,Ridge + Brent e Câmbio,E&P,14,0.1347385409197255,4964.5762787282065,6032.225193861772,-0.821177399949695,776.0582515621635,0.02106221168002398,509428371.05244964,279724738.0
H2,Teste,Ridge + Brent e Câmbio,GÁS & ENERGIA / G&EBC,14,0.2850701232502305,1947.9452386238074,2662.7678713698297,-10.538202281542333,1715.8389877342906,0.25110276306151746,99264658.3151918,8603130.357142856
H2,Teste,Ridge + Brent e Câmbio,REFINO / RTC,14,0.10430740694141573,11295.79927255207,15838.281909577367,-1.4240117030246013,-833.3551000628462,-0.007695348284045814,3511916433.8614397,1448803415.2142859
H2,Teste,Ridge Contábil,CORPORATIVO / OUTROS NEGÓCIOS,14,1.2826692447703825,547.9746252122612,635.9884519877883,-183.02029875634528,85.40319664083265,0.1999071648506365,5662738.354865527,30772.35714285714
H2,Teste,Ridge Contábil,E&P,14,0.1462791113378396,5389.800136354038,6402.753596278658,-1.0517797414300554,-527.5061256993259,-0.014316509952215327,573933550.60523,279724738.0
H2,Teste,Ridge Contábil,GÁS & ENERGIA / G&EBC,14,0.1730401924671606,1182.4207151693513,1768.4959669913103,-4.0895534504309206,597.7448949151697,0.08747638664937413,43786091.79370342,8603130.357142856
H2,Teste,Ridge Contábil,REFINO / RTC,14,0.11513837086704591,12468.72071715174,17300.80308736331,-1.8923517024759966,-1521.0032567485323,-0.014045212900197316,4190449024.5480776,1448803415.2142859
H3,Validação,Baseline Sazonal,BIOCOMBUSTÍVEIS,3,0.13636363636363635,30.0,30.40833219146796,-1.5356489945155394,-12.0,-0.05454545454545454,2774.0,1094.0
H3,Validação,Baseline Sazonal,CORPORATIVO / OUTROS NEGÓCIOS,16,0.9312649500492473,827.3125,1512.2090835926097,-1.1924027270676216,-168.0625,-0.18917968200365837,36588421.0,16688731.75
H3,Validação,Baseline Sazonal,DISTRIBUIÇÃO,3,0.6856364712847839,9650.333333333334,14668.527090338688,-1.4536671075254355,9650.333333333334,0.6856364712847839,645497061.0,263074424.0
H3,Validação,Baseline Sazonal,E&P,16,0.18083058390952592,5477.4375,7058.514906657066,-0.18995712044968416,-3221.6875,-0.10635988668040863,797162123.0,669908275.9375
H3,Validação,Baseline Sazonal,GÁS & ENERGIA / G&EBC,16,0.43979773829995333,4299.875,5742.128438131631,-0.5195633514590163,-1330.125,-0.1360472029201373,527552624.0,347173826.9375
H3,Validação,Baseline Sazonal,REFINO / RTC,16,0.27296477590030555,22685.8125,28962.79555632536,0.09574818882452252,-16562.3125,-0.19928437299538332,13421496423.0,14842653624.9375
H3,Validação,Baseline Último,BIOCOMBUSTÍVEIS,3,0.1590909090909091,35.0,38.80292085225888,-3.128884826325411,1.6666666666666667,0.007575757575757576,4517.0,1094.0
H3,Validação,Baseline Último,CORPORATIVO / OUTROS NEGÓCIOS,16,0.8654847333614746,768.875,1504.3507735897238,-1.1696759551545912,-127.5,-0.14352047277332208,36209140.0,16688731.75
H3,Validação,Baseline Último,DISTRIBUIÇÃO,3,0.7540556542332741,10613.333333333334,14279.433438807484,-1.3252228350407793,10613.333333333334,0.7540556542332741,611706658.0,263074424.0
H3,Validação,Baseline Último,E&P,16,0.16300730222202964,4937.5625,6038.906176825402,0.12899388474723383,-2220.1875,-0.07329664683780153,583494205.0,669908275.9375
H3,Validação,Baseline Último,GÁS & ENERGIA / G&EBC,16,0.4148218703453919,4055.6875,5351.618347518814,-0.31990682316756036,-740.1875,-0.07570750043150015,458237103.0,347173826.9375
H3,Validação,Baseline Último,REFINO / RTC,16,0.2419241913663016,20106.0625,23719.482816083913,0.3935166804757997,-12624.3125,-0.15190078082757344,9001821841.0,14842653624.9375
H3,Validação,Gradient Boosting,BIOCOMBUSTÍVEIS,3,5.251174167581361,1155.2583168678996,1156.4813466570772,-3666.593524220568,1155.2583168678996,5.251174167581361,4012347.315497301,1094.0
H3,Validação,Gradient Boosting,CORPORATIVO / OUTROS NEGÓCIOS,16,1.6178452533593746,1437.2532769531344,1673.0264465734626,-1.683504086818798,1033.130680822423,1.1629443431235942,44784279.854947634,16688731.75
H3,Validação,Gradient Boosting,DISTRIBUIÇÃO,3,0.5853202233575688,8238.38214375778,12743.731883319577,-0.8519782331322625,8237.226528686646,0.5852381192672572,487208106.9418077,263074424.0
H3,Validação,Gradient Boosting,E&P,16,0.17173984733514044,5202.075111964613,6576.215319262962,-0.0328962212574575,-3597.376699711791,-0.11876278445010215,691945726.8049419,669908275.9375
H3,Validação,Gradient Boosting,GÁS & ENERGIA / G&EBC,16,0.3723124536385655,3640.0755896959026,4914.714784217595,-0.1131908933702146,-48.11224850966562,-0.004920993768208666,386470742.56331193,347173826.9375
H3,Validação,Gradient Boosting,REFINO / RTC,16,0.30795297662304605,25593.644687103697,31784.998899617563,-0.08906256854370942,-23701.002934074582,-0.2851799535287596,16164578480.779034,14842653624.9375
H3,Validação,Random Forest ampliada,BIOCOMBUSTÍVEIS,3,0.9614481619096237,211.51859562011722,251.21300302150055,-172.0565984106411,211.51859562011722,0.9614481619096237,189323.91866124136,1094.0
H3,Validação,Random Forest ampliada,CORPORATIVO / OUTROS NEGÓCIOS,16,1.2341996726073885,1096.4321341525888,1612.8717336873394,-1.49399920214079,304.36293397745135,0.3426063700323077,41621683.66924167,16688731.75
H3,Validação,Random Forest ampliada,DISTRIBUIÇÃO,3,0.7919599127145481,11146.835771457265,14960.618942798139,-1.5523589379970728,11146.835771457265,0.7919599127145481,671460357.4548316,263074424.0
H3,Validação,Random Forest ampliada,E&P,16,0.18463923333962373,5592.803157521789,6674.765080427299,-0.06408570794962332,-568.612527052901,-0.01877201433795405,712839822.0622663,669908275.9375
H3,Validação,Random Forest ampliada,GÁS & ENERGIA / G&EBC,16,0.34808342212303794,3403.1898628830595,4745.3385973549875,-0.03778507047886892,-399.5988061873809,-0.04087157212443885,360291814.45675206,347173826.9375
H3,Validação,Random Forest ampliada,REFINO / RTC,16,0.3082329877558948,25616.916114842927,32718.124793667976,-0.15394534380617664,-23449.918549193175,-0.28215880571440555,17127611040.224499,14842653624.9375
H3,Validação,Random Forest grade original,BIOCOMBUSTÍVEIS,3,0.9614481619096237,211.51859562011722,251.21300302150055,-172.0565984106411,211.51859562011722,0.9614481619096237,189323.91866124136,1094.0
H3,Validação,Random Forest grade original,CORPORATIVO / OUTROS NEGÓCIOS,16,1.2341996726073885,1096.4321341525888,1612.8717336873394,-1.49399920214079,304.36293397745135,0.3426063700323077,41621683.66924167,16688731.75
H3,Validação,Random Forest grade original,DISTRIBUIÇÃO,3,0.7919599127145481,11146.835771457265,14960.618942798139,-1.5523589379970728,11146.835771457265,0.7919599127145481,671460357.4548316,263074424.0
H3,Validação,Random Forest grade original,E&P,16,0.18463923333962373,5592.803157521789,6674.765080427299,-0.06408570794962332,-568.612527052901,-0.01877201433795405,712839822.0622663,669908275.9375
H3,Validação,Random Forest grade original,GÁS & ENERGIA / G&EBC,16,0.34808342212303794,3403.1898628830595,4745.3385973549875,-0.03778507047886892,-399.5988061873809,-0.04087157212443885,360291814.45675206,347173826.9375
H3,Validação,Random Forest grade original,REFINO / RTC,16,0.3082329877558948,25616.916114842927,32718.124793667976,-0.15394534380617664,-23449.918549193175,-0.28215880571440555,17127611040.224499,14842653624.9375
H3,Validação,Ridge + Brent e Câmbio,BIOCOMBUSTÍVEIS,3,8.539854005381539,1878.7678811839385,1885.68092203026,-9749.802211267526,1878.7678811839385,8.539854005381539,10667377.619126674,1094.0
H3,Validação,Ridge + Brent e Câmbio,CORPORATIVO / OUTROS NEGÓCIOS,16,2.5009754758932776,2221.8040883966905,3097.8090864970404,-8.200383856738428,1192.017803194675,1.3417957542644436,153542738.18213806,16688731.75
H3,Validação,Ridge + Brent e Câmbio,DISTRIBUIÇÃO,3,0.7399464878269585,10414.746816164441,14397.225536740349,-1.3637429287588416,10414.746816164441,0.7399464878269585,621840309.4673053,263074424.0
H3,Validação,Ridge + Brent e Câmbio,E&P,16,0.2331425394398015,7061.989519492593,9592.462213667388,-1.1976819126019302,-1592.7388453851547,-0.052582233101953535,1472245301.1301866,669908275.9375
H3,Validação,Ridge + Brent e Câmbio,GÁS & ENERGIA / G&EBC,16,0.4306645713251734,4210.5805973105125,5202.049040691346,-0.2471591864154885,-58.24149499917553,-0.005957028466140397,432981027.5481241,347173826.9375
H3,Validação,Ridge + Brent e Câmbio,REFINO / RTC,16,0.22480887286368598,18683.626564273523,24269.07992784874,0.36508578002010394,-13644.460842174876,-0.1641756139906719,9423811848.70897,14842653624.9375
H3,Validação,Ridge Contábil,BIOCOMBUSTÍVEIS,3,1.8774141880764545,413.03112137682,484.82751672950354,-643.5824158448731,101.69778804348668,0.46226267292493944,705173.1629342912,1094.0
H3,Validação,Ridge Contábil,CORPORATIVO / OUTROS NEGÓCIOS,16,1.098882717087859,976.2199337929268,1442.6765503329625,-0.9954212555480657,-107.42946628143943,-0.12092806110194392,33301050.062089868,16688731.75
H3,Validação,Ridge Contábil,DISTRIBUIÇÃO,3,0.6641401610444351,9347.772766700424,13942.511825966189,-1.216790591743806,9162.468425307254,0.6509746660964302,583180908.051621,263074424.0
H3,Validação,Ridge Contábil,E&P,16,0.26358898454171253,7984.225661949209,10684.841649269152,-1.7267217359914024,-2282.3576253634637,-0.07534911390314068,1826653457.1193075,669908275.9375
H3,Validação,Ridge Contábil,GÁS & ENERGIA / G&EBC,16,0.44083577505636007,4310.023820490092,5500.341387910098,-0.3942873816465764,-775.9386973793312,-0.0793641871372637,484060086.13690853,347173826.9375
H3,Validação,Ridge Contábil,REFINO / RTC,16,0.2246640224987236,18671.588204345015,24491.072979599023,0.3534173380595118,-13956.892685422335,-0.16793491897814644,9597002491.072725,14842653624.9375
H3,Teste,Baseline Sazonal,CORPORATIVO / OUTROS NEGÓCIOS,14,0.21568299615448921,92.14285714285714,136.08085831592922,-7.424833976690584,66.14285714285714,0.15482360809229226,259252.0,30772.35714285714
H3,Teste,Baseline Sazonal,E&P,14,0.12372538984654276,4558.785714285715,5460.865518787815,-0.49251987502084993,-863.0714285714286,-0.023423748264979335,417494731.0,279724738.0
H3,Teste,Baseline Sazonal,GÁS & ENERGIA / G&EBC,14,0.3845816129200857,2627.9285714285716,3781.874072467247,-22.274784024834815,1970.5,0.2883708775414206,200236001.0,8603130.357142856
H3,Teste,Baseline Sazonal,REFINO / RTC,14,0.13066557967214715,14150.214285714286,18257.377939186277,-2.2210345723886755,4399.785714285715,0.040628398919073654,4666645889.0,1448803415.2142859
H3,Teste,Baseline Último,CORPORATIVO / OUTROS NEGÓCIOS,14,0.240093629827788,102.57142857142857,141.23081412051286,-8.074572958569032,50.57142857142857,0.11837485370339408,279246.0,30772.35714285714
H3,Teste,Baseline Último,E&P,14,0.12426043532540845,4578.5,5153.612152101254,-0.32929270989253734,-935.3571428571429,-0.025385581687486915,371836055.0,279724738.0
H3,Teste,Baseline Último,GÁS & ENERGIA / G&EBC,14,0.2822766947159358,1928.857142857143,3033.67184401063,-13.976444927749515,1406.142857142857,0.205780588511995,128844308.0,8603130.357142856
H3,Teste,Baseline Último,REFINO / RTC,14,0.1027790254909449,11130.285714285714,16384.633031332396,-1.5941316499755174,4354.142857142857,0.040206924709139925,3758386794.0,1448803415.2142859
H3,Teste,Gradient Boosting,CORPORATIVO / OUTROS NEGÓCIOS,14,3.460971504052324,1478.5764689812108,1480.9316474085892,-996.7857554950256,1478.5764689812108,3.460971504052324,30704219.620148458,30772.35714285714
H3,Teste,Gradient Boosting,E&P,14,0.11276369878851863,4154.891245561757,5033.602380069908,-0.2681042921882588,-772.3542738326105,-0.02096168576867531,354720140.8890361,279724738.0
H3,Teste,Gradient Boosting,GÁS & ENERGIA / G&EBC,14,0.6213536031651531,4245.842317628169,5245.42353018533,-43.77469667008913,4245.842317628169,0.6213536031651531,385202552.15430695,8603130.357142856
H3,Teste,Gradient Boosting,REFINO / RTC,14,0.07590381781155066,8219.879250772616,11899.000625782746,-0.36816838066337354,-2529.409849972018,-0.023357017611295414,1982207022.4932947,1448803415.2142859
H3,Teste,Random Forest ampliada,CORPORATIVO / OUTROS NEGÓCIOS,14,0.17510580362414763,74.8077008197162,114.56542828264634,-4.971376263220681,62.83507930928956,0.14708094136934524,183753.3230062065,30772.35714285714
H3,Teste,Random Forest ampliada,E&P,14,0.20174769943079807,7433.5957332271855,9711.553687522051,-3.720354230374591,2813.88230902272,0.07636873226463443,1320399850.358724,279724738.0
H3,Teste,Random Forest ampliada,GÁS & ENERGIA / G&EBC,14,0.5498809680066977,3757.454486025767,4833.409143399602,-37.017070727451404,3757.454486025767,0.5498809680066977,327065815.26498425,8603130.357142856
H3,Teste,Random Forest ampliada,REFINO / RTC,14,0.06561441111060691,7105.604856119207,10897.992367808323,-0.1476555822705541,-3342.4154537868403,-0.030864455050346552,1662727327.0833187,1448803415.2142859
H3,Teste,Random Forest grade original,CORPORATIVO / OUTROS NEGÓCIOS,14,0.17510580362414763,74.8077008197162,114.56542828264634,-4.971376263220681,62.83507930928956,0.14708094136934524,183753.3230062065,30772.35714285714
H3,Teste,Random Forest grade original,E&P,14,0.20174769943079807,7433.5957332271855,9711.553687522051,-3.720354230374591,2813.88230902272,0.07636873226463443,1320399850.358724,279724738.0
H3,Teste,Random Forest grade original,GÁS & ENERGIA / G&EBC,14,0.5498809680066977,3757.454486025767,4833.409143399602,-37.017070727451404,3757.454486025767,0.5498809680066977,327065815.26498425,8603130.357142856
H3,Teste,Random Forest grade original,REFINO / RTC,14,0.06561441111060691,7105.604856119207,10897.992367808323,-0.1476555822705541,-3342.4154537868403,-0.030864455050346552,1662727327.0833187,1448803415.2142859
H3,Teste,Ridge + Brent e Câmbio,CORPORATIVO / OUTROS NEGÓCIOS,14,2.384349898606284,1018.6283388260132,1257.3749308209908,-718.2781472815118,899.7711959688703,2.1061355531790977,22133884.03319928,30772.35714285714
H3,Teste,Ridge + Brent e Câmbio,E&P,14,0.14573072151808708,5369.594165055437,7006.280517408596,-1.4568135752107478,1467.8126683379503,0.039836418290667926,687231533.6406697,279724738.0
H3,Teste,Ridge + Brent e Câmbio,GÁS & ENERGIA / G&EBC,14,0.40397820060697964,2760.469611504765,3569.53566572423,-19.734567623536993,2538.795122590552,0.37153746632799595,178382188.16428253,8603130.357142856
H3,Teste,Ridge + Brent e Câmbio,REFINO / RTC,14,0.11113863941940465,12035.576371016808,15810.47981574365,-1.4155090823960501,-83.29589158421835,-0.0007691689848929245,3499597808.0565233,1448803415.2142859
H3,Teste,Ridge Contábil,CORPORATIVO / OUTROS NEGÓCIOS,14,1.2444243885891328,531.6358762965431,662.9137592569506,-198.93155228274847,136.6481813918734,0.3198586422815964,6152365.130970551,30772.35714285714
H3,Teste,Ridge Contábil,E&P,14,0.19269197769251864,7099.928610058542,8919.29853701683,-2.981608553670458,1202.384343137261,0.032632696714358714,1113754409.4940279,279724738.0
H3,Teste,Ridge Contábil,GÁS & ENERGIA / G&EBC,14,0.25853819997268435,1766.6469214562035,2763.4803002163326,-11.42751449032788,1501.2403425618425,0.21969753615079488,106915527.17557251,8603130.357142856
H3,Teste,Ridge Contábil,REFINO / RTC,14,0.12698279931665268,13751.393637398025,17702.125347607427,-2.02809431524207,-636.4711370070571,-0.005877286971235407,4387113385.513676,1448803415.2142859
H4,Validação,Baseline Sazonal,BIOCOMBUSTÍVEIS,3,0.13636363636363635,30.0,30.40833219146796,-1.5356489945155394,-12.0,-0.05454545454545454,2774.0,1094.0
H4,Validação,Baseline Sazonal,CORPORATIVO / OUTROS NEGÓCIOS,16,0.9312649500492473,827.3125,1512.2090835926097,-1.1924027270676216,-168.0625,-0.18917968200365837,36588421.0,16688731.75
H4,Validação,Baseline Sazonal,DISTRIBUIÇÃO,3,0.6856364712847839,9650.333333333334,14668.527090338688,-1.4536671075254355,9650.333333333334,0.6856364712847839,645497061.0,263074424.0
H4,Validação,Baseline Sazonal,E&P,16,0.18083058390952592,5477.4375,7058.514906657066,-0.18995712044968416,-3221.6875,-0.10635988668040863,797162123.0,669908275.9375
H4,Validação,Baseline Sazonal,GÁS & ENERGIA / G&EBC,16,0.43979773829995333,4299.875,5742.128438131631,-0.5195633514590163,-1330.125,-0.1360472029201373,527552624.0,347173826.9375
H4,Validação,Baseline Sazonal,REFINO / RTC,16,0.27296477590030555,22685.8125,28962.79555632536,0.09574818882452252,-16562.3125,-0.19928437299538332,13421496423.0,14842653624.9375
H4,Validação,Baseline Último,BIOCOMBUSTÍVEIS,3,0.13636363636363635,30.0,30.40833219146796,-1.5356489945155394,-12.0,-0.05454545454545454,2774.0,1094.0
H4,Validação,Baseline Último,CORPORATIVO / OUTROS NEGÓCIOS,16,0.9312649500492473,827.3125,1512.2090835926097,-1.1924027270676216,-168.0625,-0.18917968200365837,36588421.0,16688731.75
H4,Validação,Baseline Último,DISTRIBUIÇÃO,3,0.6856364712847839,9650.333333333334,14668.527090338688,-1.4536671075254355,9650.333333333334,0.6856364712847839,645497061.0,263074424.0
H4,Validação,Baseline Último,E&P,16,0.18083058390952592,5477.4375,7058.514906657066,-0.18995712044968416,-3221.6875,-0.10635988668040863,797162123.0,669908275.9375
H4,Validação,Baseline Último,GÁS & ENERGIA / G&EBC,16,0.43979773829995333,4299.875,5742.128438131631,-0.5195633514590163,-1330.125,-0.1360472029201373,527552624.0,347173826.9375
H4,Validação,Baseline Último,REFINO / RTC,16,0.27296477590030555,22685.8125,28962.79555632536,0.09574818882452252,-16562.3125,-0.19928437299538332,13421496423.0,14842653624.9375
H4,Validação,Gradient Boosting,BIOCOMBUSTÍVEIS,3,5.587461660249194,1229.2415652548227,1229.6990047979614,-4145.690061428967,1229.2415652548227,5.587461660249194,4536478.92720329,1094.0
H4,Validação,Gradient Boosting,CORPORATIVO / OUTROS NEGÓCIOS,16,1.6505364634809967,1466.2953307449304,1706.7069414571881,-1.792637453968927,1062.8046546512016,1.1963468745194334,46605577.3442904,16688731.75
H4,Validação,Gradient Boosting,DISTRIBUIÇÃO,3,0.6092438560257883,8575.10727356297,13049.714743794186,-0.9419795999750931,8522.070250222367,0.6054756838523884,510885164.68319803,263074424.0
H4,Validação,Gradient Boosting,E&P,16,0.18875406828605332,5717.44330828943,7724.048721806693,-0.42493367046947195,-4229.408428518869,-0.13962850251069728,954574858.5094976,669908275.9375
H4,Validação,Gradient Boosting,GÁS & ENERGIA / G&EBC,16,0.3952617759748795,3864.4496798453984,5086.519475940763,-0.192379303813472,-496.5080184000763,-0.05078359336960846,413962886.0659951,347173826.9375
H4,Validação,Gradient Boosting,REFINO / RTC,16,0.3170253980608344,26347.64399335051,33794.79871682599,-0.23114203071281936,-25005.80061154285,-0.30087980142379817,18273414724.97254,14842653624.9375
H4,Validação,Random Forest ampliada,BIOCOMBUSTÍVEIS,3,0.6840377542401829,150.48830593284023,152.45485718140668,-62.73624354169043,150.48830593284023,0.6840377542401829,69727.45043460933,1094.0
H4,Validação,Random Forest ampliada,CORPORATIVO / OUTROS NEGÓCIOS,16,1.2011541181157874,1067.0752896811127,1517.9504632546432,-1.2090820497680883,188.47194226216624,0.21215358633703812,36866777.74231978,16688731.75
H4,Validação,Random Forest ampliada,DISTRIBUIÇÃO,3,0.6816343285040293,9594.003173694213,14246.597047623733,-1.3145411593187935,9594.003173694213,0.6816343285040293,608896582.3120838,263074424.0
H4,Validação,Random Forest ampliada,E&P,16,0.1973635669163594,5978.228788457052,7183.291313516323,-0.23239974063919422,-481.9788917003543,-0.015911915821630318,825594785.5174248,669908275.9375
H4,Validação,Random Forest ampliada,GÁS & ENERGIA / G&EBC,16,0.3621420722674533,3540.6404066793743,4894.126922654007,-0.10388405929500344,-848.1532000599611,-0.0867503960273819,383239653.3607485,347173826.9375
H4,Validação,Random Forest ampliada,REFINO / RTC,16,0.31906564414205557,26517.206677399336,34960.33305792904,-0.3175270874397682,-24781.657514978102,-0.2981828219736066,19555598200.34122,14842653624.9375
H4,Validação,Random Forest grade original,BIOCOMBUSTÍVEIS,3,1.094958577032566,240.89088694716452,261.74169384178435,-186.86667539807968,240.89088694716452,1.094958577032566,205526.14288549917,1094.0
H4,Validação,Random Forest grade original,CORPORATIVO / OUTROS NEGÓCIOS,16,1.273327295059838,1131.1921357487836,1574.8203064817092,-1.3777087772601,249.6871681103848,0.2810605522559559,39680943.96331431,16688731.75
H4,Validação,Random Forest grade original,DISTRIBUIÇÃO,3,0.6382022431409642,8982.69657220907,14120.205535266752,-1.2736555077453424,8982.69657220907,0.6382022431409642,598140613.0745335,263074424.0
H4,Validação,Random Forest grade original,E&P,16,0.19199703241771857,5815.674110634378,6877.489398709187,-0.12970356398511274,-588.1443629040555,-0.01941683288344896,756797766.869716,669908275.9375
H4,Validação,Random Forest grade original,GÁS & ENERGIA / G&EBC,16,0.38228136007125274,3737.5409648316336,4945.866280422093,-0.12734734548845905,-667.2151379758664,-0.0682437765379871,391385492.2210603,347173826.9375
H4,Validação,Random Forest grade original,REFINO / RTC,16,0.3231308842413496,26855.06446273406,35518.37501820225,-0.35992390127769025,-24905.680133366935,-0.2996751117575885,20184879422.938457,14842653624.9375
H4,Validação,Ridge + Brent e Câmbio,BIOCOMBUSTÍVEIS,3,11.244050302973731,2473.691066654221,2478.564481545718,-16845.29402882997,2473.691066654221,11.244050302973731,18429845.667539984,1094.0
H4,Validação,Ridge + Brent e Câmbio,CORPORATIVO / OUTROS NEGÓCIOS,16,2.2165619313091502,1969.1382057267665,3173.718375622136,-8.656804103414613,766.0385228674282,0.8622918507020438,161159813.24418575,16688731.75
H4,Validação,Ridge + Brent e Câmbio,DISTRIBUIÇÃO,3,0.5905953122294646,8312.629019629714,13085.457051571502,-0.952632076258265,7977.868052669898,0.5668112293193533,513687558.74556714,263074424.0
H4,Validação,Ridge + Brent e Câmbio,E&P,16,0.20422931676934206,6186.195355269458,7664.769118054655,-0.4031457796425941,-1692.759567197107,-0.05588428913240712,939978970.1293495,669908275.9375
H4,Validação,Ridge + Brent e Câmbio,GÁS & ENERGIA / G&EBC,16,0.3539030404722344,3460.0879077570066,5037.780684643273,-0.1696381354754024,-733.1988502528785,-0.07499269073294972,406067747.62503755,347173826.9375
H4,Validação,Ridge + Brent e Câmbio,REFINO / RTC,16,0.2798706580538759,23259.75302828344,30494.16031654088,-0.0024016857455297913,-19788.97259344705,-0.23810883869676533,14878301014.574348,14842653624.9375
H4,Validação,Ridge Contábil,BIOCOMBUSTÍVEIS,3,1.4739261932409522,324.26376251300945,348.7452874474378,-332.5190370661683,12.930429179676139,0.058774678089436996,364869.8265503881,1094.0
H4,Validação,Ridge Contábil,CORPORATIVO / OUTROS NEGÓCIOS,16,0.8793142195734626,781.1607698135748,1227.9646798617775,-0.4456674384384307,-295.73972278234544,-0.3328996457378308,24126356.079808608,16688731.75
H4,Validação,Ridge Contábil,DISTRIBUIÇÃO,3,0.6262117629873277,8813.930564046637,13808.246246838262,-1.1743010382490429,8466.904885304935,0.6015562973573666,572002993.2399689,263074424.0
H4,Validação,Ridge Contábil,E&P,16,0.3080971283065548,9332.396808899179,11152.4165773251,-1.9705892578236983,-4915.874557682371,-0.16229130258294788,1990022328.2271314,669908275.9375
H4,Validação,Ridge Contábil,GÁS & ENERGIA / G&EBC,16,0.4513801440063196,4413.115456690786,6110.96871006162,-0.7210485665821817,-712.8549747000249,-0.07291188827790142,597503017.2056348,347173826.9375
H4,Validação,Ridge Contábil,REFINO / RTC,16,0.2634018882872233,21891.05107104482,30493.23025673569,-0.002340540969638205,-18235.375209816833,-0.21941533315615824,14877393463.844816,14842653624.9375
H4,Teste,Baseline Sazonal,CORPORATIVO / OUTROS NEGÓCIOS,14,0.21568299615448921,92.14285714285714,136.08085831592922,-7.424833976690584,66.14285714285714,0.15482360809229226,259252.0,30772.35714285714
H4,Teste,Baseline Sazonal,E&P,14,0.12372538984654276,4558.785714285715,5460.865518787815,-0.49251987502084993,-863.0714285714286,-0.023423748264979335,417494731.0,279724738.0
H4,Teste,Baseline Sazonal,GÁS & ENERGIA / G&EBC,14,0.3845816129200857,2627.9285714285716,3781.874072467247,-22.274784024834815,1970.5,0.2883708775414206,200236001.0,8603130.357142856
H4,Teste,Baseline Sazonal,REFINO / RTC,14,0.13066557967214715,14150.214285714286,18257.377939186277,-2.2210345723886755,4399.785714285715,0.040628398919073654,4666645889.0,1448803415.2142859
H4,Teste,Baseline Último,CORPORATIVO / OUTROS NEGÓCIOS,14,0.21568299615448921,92.14285714285714,136.08085831592922,-7.424833976690584,66.14285714285714,0.15482360809229226,259252.0,30772.35714285714
H4,Teste,Baseline Último,E&P,14,0.12372538984654276,4558.785714285715,5460.865518787815,-0.49251987502084993,-863.0714285714286,-0.023423748264979335,417494731.0,279724738.0
H4,Teste,Baseline Último,GÁS & ENERGIA / G&EBC,14,0.3845816129200857,2627.9285714285716,3781.874072467247,-22.274784024834815,1970.5,0.2883708775414206,200236001.0,8603130.357142856
H4,Teste,Baseline Último,REFINO / RTC,14,0.13066557967214715,14150.214285714286,18257.377939186277,-2.2210345723886755,4399.785714285715,0.040628398919073654,4666645889.0,1448803415.2142859
H4,Teste,Gradient Boosting,CORPORATIVO / OUTROS NEGÓCIOS,14,3.552940727291238,1517.867034994921,1519.9255176923502,-1050.0221872346988,1517.867034994921,3.552940727291238,32342430.11065302,30772.35714285714
H4,Teste,Gradient Boosting,E&P,14,0.14009595407017375,5161.975523669622,5672.222408412424,-0.6102883925373253,-833.9346233820215,-0.022632975720078746,450437498.70694447,279724738.0
H4,Teste,Gradient Boosting,GÁS & ENERGIA / G&EBC,14,0.7534734352889196,5148.645441922464,6170.110282690371,-60.95229300057553,5148.645441922464,0.7534734352889196,532983652.6078602,8603130.357142856
H4,Teste,Gradient Boosting,REFINO / RTC,14,0.09101169790911261,9855.962305849356,12488.792853159604,-0.507160484353816,-1621.29663520086,-0.014971339683025036,2183579257.007826,1448803415.2142859
H4,Teste,Random Forest ampliada,CORPORATIVO / OUTROS NEGÓCIOS,14,0.18921035610356865,80.83336713253172,109.21417838090646,-4.426568847378388,21.374139917594416,0.05003142599002204,166988.3146318304,30772.35714285714
H4,Teste,Random Forest ampliada,E&P,14,0.20286294811974617,7474.688186420167,9002.17518467522,-3.0559452156074682,3214.774964719754,0.08724895415295429,1134548212.7781525,279724738.0
H4,Teste,Random Forest ampliada,GÁS & ENERGIA / G&EBC,14,0.6293080679310051,4300.1968799014,5166.542202740913,-42.43816740467828,4300.1968799014,0.6293080679310051,373704216.657841,8603130.357142856
H4,Teste,Random Forest ampliada,REFINO / RTC,14,0.08938834608729723,9680.164087240995,12910.717715355595,-0.6107173840511695,-4838.211276557643,-0.04467689804994436,2333612846.958355,1448803415.2142859
H4,Teste,Random Forest grade original,CORPORATIVO / OUTROS NEGÓCIOS,14,0.17637316318534058,75.34913492939442,158.00340998985706,-10.357956244149738,27.136569951385457,0.06351980928262772,349511.08595792006,30772.35714285714
H4,Teste,Random Forest grade original,E&P,14,0.19486406201520845,7179.9612290123705,8510.474575792141,-2.6249725080549076,3815.80192089832,0.10356081856642023,1013994485.0728619,279724738.0
H4,Teste,Random Forest grade original,GÁS & ENERGIA / G&EBC,14,0.6759277883375241,4618.759419379231,5464.124877694601,-47.58618109390037,4618.759419379231,0.6759277883375241,417993249.5065746,8603130.357142856
H4,Teste,Random Forest grade original,REFINO / RTC,14,0.10495755378535529,11366.205856918119,14766.89974840625,-1.1071586127239996,-7786.53983238709,-0.07190228503226967,3052858594.5127273,1448803415.2142859
H4,Teste,Ridge + Brent e Câmbio,CORPORATIVO / OUTROS NEGÓCIOS,14,5.122696894375578,2188.4892946614523,2943.5286456457425,-3940.883680382123,2188.4892946614523,5.122696894375578,121301052.42831883,30772.35714285714
H4,Teste,Ridge + Brent e Câmbio,E&P,14,0.2115015129271333,7792.984745313153,10913.222967730351,-4.960781693922121,6060.446625474237,0.16448044904397321,1667378097.6075616,279724738.0
H4,Teste,Ridge + Brent e Câmbio,GÁS & ENERGIA / G&EBC,14,0.7666858915253821,5238.928986626835,6736.08569421118,-72.83915857896642,5238.928986626835,0.7666858915253821,635247906.7165914,8603130.357142856
H4,Teste,Ridge + Brent e Câmbio,REFINO / RTC,14,0.1040295172077021,11265.705660372685,14690.754072006492,-1.0854834694129742,19.337531514331722,0.00017856618378560624,3021455572.8584547,1448803415.2142859
H4,Teste,Ridge Contábil,CORPORATIVO / OUTROS NEGÓCIOS,14,0.6996479893937214,298.89961604027485,373.49079514454485,-62.463946805946094,124.79722146446511,0.29211855885345456,1952935.236807861,30772.35714285714
H4,Teste,Ridge Contábil,E&P,14,0.20714827509975806,7632.585344325686,11637.622225003617,-5.778376229014731,3757.4794311937644,0.10197794689230213,1896079514.7265737,279724738.0
H4,Teste,Ridge Contábil,GÁS & ENERGIA / G&EBC,14,0.3960061444411041,2705.994843425587,4199.104407203538,-27.693589341162586,2652.3714532406693,0.3881586823328215,246854689.51634654,8603130.357142856
H4,Teste,Ridge Contábil,REFINO / RTC,14,0.13684018830446606,14818.883383551367,19593.7111488133,-2.7098126465755663,-444.66097852277017,-0.004106078066600037,5374789232.163829,1448803415.2142859
