Horizonte,Modelo,Parametros,Params_JSON,Seed,N,WMAPE,MAE,RMSE,R2,Bias,Bias_Pct,SSE,SST_POOLED
H1,Ridge Contábil,alpha=0.1,"{""alpha"": 0.1}",,48,0.11051475482193843,1992.8826426245848,3427.5700899514127,0.9680038395402991,-1431.262544312983,-0.07937026786597885,563915362.6334176,17624469765.479168
H1,Ridge Contábil,alpha=1,"{""alpha"": 1.0}",,48,0.11224698821443288,2024.1195382448934,3487.6533378453732,0.9668722607597064,-1464.25208593793,-0.08119969375709286,583858838.6392306,17624469765.479168
H1,Ridge Contábil,alpha=10,"{""alpha"": 10.0}",,48,0.12440623109188535,2243.3838719257146,3819.8790996429034,0.9602603157177243,-1552.077086291228,-0.08607000481991535,700390864.1226566,17624469765.479168
H1,Ridge Contábil,alpha=100,"{""alpha"": 100.0}",,48,0.14942896419262267,2694.6120409410955,4416.092213422,0.9468869251981166,-1492.7037359739807,-0.08277747212735995,936089780.9974282,17624469765.479168
H1,Ridge Contábil,alpha=1000,"{""alpha"": 1000.0}",,48,0.36136831450247775,6516.456944838003,8911.678994542954,0.7837061125349715,-1657.6119599610684,-0.09192241200101584,3812065080.0853496,17624469765.479168
H1,Ridge + Brent e Câmbio,alpha=0.1,"{""alpha"": 0.1}",,48,0.14087124671544482,2540.2930393902975,3428.309978572223,0.9679900244178948,578.1960871082896,0.032063703822329884,564158846.840538,17624469765.479168
H1,Ridge + Brent e Câmbio,alpha=1,"{""alpha"": 1.0}",,48,0.13423373924465357,2420.600664827792,3442.271472645253,0.9677287778665193,395.23490473138685,0.021917642142708763,568763178.7865913,17624469765.479168
H1,Ridge + Brent e Câmbio,alpha=10,"{""alpha"": 10.0}",,48,0.1306003311959276,2355.08040153313,3601.246771711575,0.9646791666813188,-210.28132808224345,-0.011661092790710046,622510958.916626,17624469765.479168
H1,Ridge + Brent e Câmbio,alpha=100,"{""alpha"": 100.0}",,48,0.14900869416295356,2687.0334253192054,4198.255212210427,0.9519976113354639,-1194.7176757603495,-0.06625273771475336,846016647.6888969,17624469765.479168
H1,Ridge + Brent e Câmbio,alpha=1000,"{""alpha"": 1000.0}",,48,0.35879594654153735,6470.070130081355,8916.80434974155,0.7834572476937385,-1982.1217506447501,-0.10991801253848385,3816451190.955351,17624469765.479168
H1,Random Forest ampliada,trees=35;depth=5;leaf=4,"{""max_depth"": 5, ""min_leaf"": 4, ""n_trees"": 35}",10100,48,0.13111235973720006,2364.3136735435,4630.854861976732,0.9415953377419917,-845.9363162233318,-0.04691116405092122,1029351204.1292895,17624469765.479168
H1,Random Forest ampliada,trees=100;depth=5;leaf=4,"{""max_depth"": 5, ""min_leaf"": 4, ""n_trees"": 100}",10100,48,0.11990721781412135,2162.254383970559,4486.615549918761,0.9451769880563652,-881.0811815933703,-0.048860112823190444,966226516.4530957,17624469765.479168
H1,Random Forest ampliada,trees=300;depth=5;leaf=4,"{""max_depth"": 5, ""min_leaf"": 4, ""n_trees"": 300}",10100,48,0.11650813668051724,2100.9596744727496,4387.87419126187,0.9475635222858978,-711.9993696477163,-0.03948372778557783,924165116.0804162,17624469765.479168
H1,Random Forest ampliada,trees=500;depth=5;leaf=4,"{""max_depth"": 5, ""min_leaf"": 4, ""n_trees"": 500}",10100,48,0.11612641314564753,2094.0761573519017,4410.513602690063,0.9470210301971437,-748.5240032361884,-0.0415091912221378,933726251.4966757,17624469765.479168
H1,Random Forest ampliada,trees=35;depth=7;leaf=3,"{""max_depth"": 7, ""min_leaf"": 3, ""n_trees"": 35}",10101,48,0.11108775596485095,2003.2154170469166,4102.082886901661,0.9541716690898365,-544.3260884535168,-0.030185452430556023,807700032.5285504,17624469765.479168
H1,Random Forest ampliada,trees=100;depth=7;leaf=3,"{""max_depth"": 7, ""min_leaf"": 3, ""n_trees"": 100}",10101,48,0.11000157645384012,1983.628636098476,4185.127045089791,0.9522973539858344,-514.5368057493757,-0.0285334960112689,840733842.4100164,17624469765.479168
H1,Random Forest ampliada,trees=300;depth=7;leaf=3,"{""max_depth"": 7, ""min_leaf"": 3, ""n_trees"": 300}",10101,48,0.11490560818204545,2072.061712077943,4415.375074578308,0.946904174093517,-668.4525171061028,-0.037068849142465415,935785778.3619554,17624469765.479168
H1,Random Forest ampliada,trees=500;depth=7;leaf=3,"{""max_depth"": 7, ""min_leaf"": 3, ""n_trees"": 500}",10101,48,0.11520047861429968,2077.379030722041,4428.6406557674,0.9465846519465848,-730.1397263349087,-0.040489696239910555,941417186.7799635,17624469765.479168
H1,Gradient Boosting,n_estimators=60;learning_rate=0.05;max_depth=2;min_leaf=5,"{""learning_rate"": 0.05, ""max_depth"": 2, ""min_leaf"": 5, ""n_estimators"": 60}",10100,48,0.1206350235499849,2175.3787076913327,3553.9570518323585,0.9656007061245949,-499.46061946694,-0.02769745027780866,606269314.8609096,17624469765.479168
H1,Gradient Boosting,n_estimators=80;learning_rate=0.03;max_depth=3;min_leaf=4,"{""learning_rate"": 0.03, ""max_depth"": 3, ""min_leaf"": 4, ""n_estimators"": 80}",10101,48,0.1299453557948874,2343.269407515343,3616.187897997492,0.9643854751827273,-448.41658692773825,-0.024866817595011196,627687115.853929,17624469765.479168
H2,Ridge Contábil,alpha=0.1,"{""alpha"": 0.1}",,48,0.1646973596239187,2969.9428805632283,4936.483363658832,0.9336317245540204,-2199.9899816773327,-0.12199983493036616,1169705663.9846601,17624469765.479168
H2,Ridge Contábil,alpha=1,"{""alpha"": 1.0}",,48,0.16526562641507134,2980.1902817024943,4956.334030227226,0.9330968890065222,-2185.000848776401,-0.12116861671805926,1179131856.9210463,17624469765.479168
H2,Ridge Contábil,alpha=10,"{""alpha"": 10.0}",,48,0.16898478591860916,3047.2568777574256,5034.966880658278,0.9309571971424042,-2043.8857390853952,-0.11334311740584997,1216842791.4876356,17624469765.479168
H2,Ridge Contábil,alpha=100,"{""alpha"": 100.0}",,48,0.17786793321513422,3207.44426710327,5302.815527368591,0.9234159700240053,-1741.6211984922213,-0.0965811210491417,1349752920.8304687,17624469765.479168
H2,Ridge Contábil,alpha=1000,"{""alpha"": 1000.0}",,48,0.37603599531220566,6780.955260382941,9414.171174502007,0.7586266274138933,-1696.0131910546386,-0.09405194163231283,4254077707.335576,17624469765.479168
H2,Ridge + Brent e Câmbio,alpha=0.1,"{""alpha"": 0.1}",,48,0.23023264772897267,4151.722981821137,5958.011820688431,0.9033219463770971,-3608.8762693791364,-0.2001292336852766,1703899433.0622272,17624469765.479168
H2,Ridge + Brent e Câmbio,alpha=1,"{""alpha"": 1.0}",,48,0.19181561178587936,3458.9589772732375,5277.497750772592,0.9241455102910257,-2773.6898955150987,-0.15381420470963644,1336895160.4516685,17624469765.479168
H2,Ridge + Brent e Câmbio,alpha=10,"{""alpha"": 10.0}",,48,0.1829400579822904,3298.9085193289393,5261.000880675242,0.9246189944736626,-2685.610323756483,-0.14892977646006067,1328550252.7903523,17624469765.479168
H2,Ridge + Brent e Câmbio,alpha=100,"{""alpha"": 100.0}",,48,0.19231154208510845,3467.9019540447794,5616.268895851476,0.9140945013920391,-2787.5314148382927,-0.15458178232893435,1514038862.9044204,17624469765.479168
H2,Ridge + Brent e Câmbio,alpha=1000,"{""alpha"": 1000.0}",,48,0.3733032568847264,6731.676528436864,9532.734229690126,0.7525085798920834,-2478.225773602991,-0.13742932368684205,4361905050.907479,17624469765.479168
H2,Random Forest ampliada,trees=35;depth=5;leaf=4,"{""max_depth"": 5, ""min_leaf"": 4, ""n_trees"": 35}",10200,48,0.13250614549467882,2389.447434624472,4968.374364261636,0.9327714411104445,-1272.3863504766534,-0.07055983255316936,1184867703.5257063,17624469765.479168
H2,Random Forest ampliada,trees=100;depth=5;leaf=4,"{""max_depth"": 5, ""min_leaf"": 4, ""n_trees"": 100}",10200,48,0.13065869622756046,2356.1328823413696,4934.791257712395,0.9336772156042469,-1037.0896315149114,-0.057511518191709,1168903908.3453445,17624469765.479168
H2,Random Forest ampliada,trees=300;depth=5;leaf=4,"{""max_depth"": 5, ""min_leaf"": 4, ""n_trees"": 300}",10200,48,0.1324302721007849,2388.079230261427,4937.337930025051,0.9336087442253408,-958.7784213685773,-0.05316879172903402,1170110680.0926747,17624469765.479168
H2,Random Forest ampliada,trees=500;depth=5;leaf=4,"{""max_depth"": 5, ""min_leaf"": 4, ""n_trees"": 500}",10200,48,0.13117557061901147,2365.4535382555914,4973.918635182859,0.9326213150186171,-962.3282567032775,-0.053365646864043874,1187513596.2921271,17624469765.479168
H2,Random Forest ampliada,trees=35;depth=7;leaf=3,"{""max_depth"": 7, ""min_leaf"": 3, ""n_trees"": 35}",10201,48,0.1377852465531923,2484.6440342561086,5228.418376936584,0.9255498045486783,-987.3310176488714,-0.05475216804530862,1312145218.765833,17624469765.479168
H2,Random Forest ampliada,trees=100;depth=7;leaf=3,"{""max_depth"": 7, ""min_leaf"": 3, ""n_trees"": 100}",10201,48,0.1329495432799395,2397.4431067991773,5245.984052529413,0.9250487104469809,-1058.092486896381,-0.05867622571808238,1320976736.61086,17624469765.479168
H2,Random Forest ampliada,trees=300;depth=7;leaf=3,"{""max_depth"": 7, ""min_leaf"": 3, ""n_trees"": 300}",10201,48,0.12964848098850168,2337.915944535383,5227.749322944149,0.9255688573519818,-1053.1160438918907,-0.0584002584499836,1311809423.2100644,17624469765.479168
H2,Random Forest ampliada,trees=500;depth=7;leaf=3,"{""max_depth"": 7, ""min_leaf"": 3, ""n_trees"": 500}",10201,48,0.12696824782789284,2289.584025846605,5072.552515614828,0.929922551454268,-963.7299489854762,-0.05344337732121669,1235077873.1361754,17624469765.479168
H2,Gradient Boosting,n_estimators=60;learning_rate=0.05;max_depth=2;min_leaf=5,"{""learning_rate"": 0.05, ""max_depth"": 2, ""min_leaf"": 5, ""n_estimators"": 60}",10200,48,0.17420534670410154,3141.397836500331,6084.251709156496,0.8991816645299439,-1768.2508147496208,-0.09805785904100506,1776869705.2979398,17624469765.479168
H2,Gradient Boosting,n_estimators=80;learning_rate=0.03;max_depth=3;min_leaf=4,"{""learning_rate"": 0.03, ""max_depth"": 3, ""min_leaf"": 4, ""n_estimators"": 80}",10201,48,0.17335162563442555,3126.0029156669866,6074.576748159084,0.8995020450717631,-1607.5035938989588,-0.08914366644348069,1771223168.1251993,17624469765.479168
H3,Ridge Contábil,alpha=0.1,"{""alpha"": 0.1}",,48,0.1726152968006016,3112.7248972290313,5456.430025116202,0.9189146571370542,-2274.9459088870058,-0.12615649510736412,1429086173.7115006,17624469765.479168
H3,Ridge Contábil,alpha=1,"{""alpha"": 1.0}",,48,0.17409513254814102,3139.4103744755616,5465.614645346942,0.9186414510763182,-2247.4937743339033,-0.12463414459128987,1433901285.6686869,17624469765.479168
H3,Ridge Contábil,alpha=10,"{""alpha"": 10.0}",,48,0.1802352713115757,3250.1338338423316,5509.715379491696,0.9173232289870971,-2001.1163043622664,-0.11097135025247933,1457134251.0243516,17624469765.479168
H3,Ridge Contábil,alpha=100,"{""alpha"": 100.0}",,48,0.18850122848728398,3399.1916008951434,5707.716717656542,0.9112741848690589,-1676.5588682060218,-0.09297310754853044,1563745446.1927662,17624469765.479168
H3,Ridge Contábil,alpha=1000,"{""alpha"": 1000.0}",,48,0.3801427111649805,6855.010555120486,9631.100677281162,0.747374595007376,-1570.7325158725146,-0.08710453649888998,4452388812.2844305,17624469765.479168
H3,Ridge + Brent e Câmbio,alpha=0.1,"{""alpha"": 0.1}",,48,0.32552087787288053,5870.029828777231,8298.761059795206,0.812435044565232,-5870.029828777231,-0.32552087787288053,3305732886.123516,17624469765.479168
H3,Ridge + Brent e Câmbio,alpha=1,"{""alpha"": 1.0}",,48,0.2486054551717155,4483.034842467437,6841.93409921118,0.872507995056812,-4373.063317402223,-0.24250701471665148,2246978986.4615374,17624469765.479168
H3,Ridge + Brent e Câmbio,alpha=10,"{""alpha"": 10.0}",,48,0.2253847055196811,4064.301352945331,6515.920405706907,0.8843683511432459,-3914.372627243054,-0.21707044957336438,2037946499.2083678,17624469765.479168
H3,Ridge + Brent e Câmbio,alpha=100,"{""alpha"": 100.0}",,48,0.22746739012506684,4101.857840373838,6729.993997725615,0.8766456324087213,-3956.5735747644594,-0.21941069142646188,2174055322.0522947,17624469765.479168
H3,Ridge + Brent e Câmbio,alpha=1000,"{""alpha"": 1000.0}",,48,0.37862915546169723,6827.717015044515,9888.062816488395,0.7337144434377381,-2873.5566544597427,-0.1593522881589929,4693141740.615379,17624469765.479168
H3,Random Forest ampliada,trees=35;depth=5;leaf=4,"{""max_depth"": 5, ""min_leaf"": 4, ""n_trees"": 35}",10300,48,0.14023981319442427,2528.9065697189794,5222.448998965744,0.925719709717989,-921.7143728117741,-0.051113415184849256,1309150730.2463186,17624469765.479168
H3,Random Forest ampliada,trees=100;depth=5;leaf=4,"{""max_depth"": 5, ""min_leaf"": 4, ""n_trees"": 100}",10300,48,0.13404107455984826,2417.1263947467173,5365.216005489632,0.9216029717720466,-1081.2709866042915,-0.05996158299781992,1381706053.706982,17624469765.479168
H3,Random Forest ampliada,trees=300;depth=5;leaf=4,"{""max_depth"": 5, ""min_leaf"": 4, ""n_trees"": 300}",10300,48,0.1311154477664318,2364.369359138295,5228.740196473385,0.9255406391517779,-926.5673051119834,-0.05138253320106057,1312306754.026394,17624469765.479168
H3,Random Forest ampliada,trees=500;depth=5;leaf=4,"{""max_depth"": 5, ""min_leaf"": 4, ""n_trees"": 500}",10300,48,0.13025646992379897,2348.879644341929,5196.843974322577,0.9264462983944701,-926.5685299204038,-0.05138260112247219,1296344990.0857382,17624469765.479168
H3,Random Forest ampliada,trees=35;depth=7;leaf=3,"{""max_depth"": 7, ""min_leaf"": 3, ""n_trees"": 35}",10301,48,0.11870651532597347,2140.6024411920457,5226.684693894003,0.9255991700097044,-872.4012113849057,-0.048378767480051287,1311275178.690521,17624469765.479168
H3,Random Forest ampliada,trees=100;depth=7;leaf=3,"{""max_depth"": 7, ""min_leaf"": 3, ""n_trees"": 100}",10301,48,0.12995100444111338,2343.3712680228946,5252.784796336601,0.9248542550657557,-666.0301891760998,-0.03693451961820901,1324403909.5979977,17624469765.479168
H3,Random Forest ampliada,trees=300;depth=7;leaf=3,"{""max_depth"": 7, ""min_leaf"": 3, ""n_trees"": 300}",10301,48,0.1311316783780701,2364.662041362177,5270.310164537848,0.92435198670929,-905.5291589824328,-0.0502158686360296,1333256123.060686,17624469765.479168
H3,Random Forest ampliada,trees=500;depth=7;leaf=3,"{""max_depth"": 7, ""min_leaf"": 3, ""n_trees"": 500}",10301,48,0.12901809051614097,2326.5482838780554,5249.237770497805,0.9249557075011023,-914.079098455952,-0.05069000316078715,1322615864.218597,17624469765.479168
H3,Gradient Boosting,n_estimators=60;learning_rate=0.05;max_depth=2;min_leaf=5,"{""learning_rate"": 0.05, ""max_depth"": 2, ""min_leaf"": 5, ""n_estimators"": 60}",10300,48,0.19492287091627872,3514.9913396223806,6281.49779237118,0.892538821198654,-1540.858829744371,-0.08544789951110862,1893946296.7470727,17624469765.479168
H3,Gradient Boosting,n_estimators=80;learning_rate=0.03;max_depth=3;min_leaf=4,"{""learning_rate"": 0.03, ""max_depth"": 3, ""min_leaf"": 4, ""n_estimators"": 80}",10301,48,0.20149803545232597,3633.559500927193,6806.756855085622,0.8738156043252867,-1734.0571846827015,-0.09616166075893216,2223933066.4442453,17624469765.479168
H4,Ridge Contábil,alpha=0.1,"{""alpha"": 0.1}",,48,0.2039838515070746,3678.3855486006264,6276.581672260562,0.8927069611390754,-2388.016297317656,-0.13242678217182355,1890982919.4507453,17624469765.479168
H4,Ridge Contábil,alpha=1,"{""alpha"": 1.0}",,48,0.20734059612770772,3738.9168152261686,6358.346024628448,0.8898933638327903,-2342.2156750883296,-0.12988692135508215,1940571080.1076026,17624469765.479168
H4,Ridge Contábil,alpha=10,"{""alpha"": 10.0}",,48,0.22221053458327886,4007.0623881204847,6606.470097752857,0.8811322274543805,-2116.59213066661,-0.11737503020780189,2094981463.320127,17624469765.479168
H4,Ridge Contábil,alpha=100,"{""alpha"": 100.0}",,48,0.21339069588416387,3848.0166255656586,6277.100454029714,0.8926892241045743,-1714.028503938908,-0.09505097581719764,1891295525.2790418,17624469765.479168
H4,Ridge Contábil,alpha=1000,"{""alpha"": 1000.0}",,48,0.3827288322592221,6901.645376405148,9708.147358532362,0.7433165328275626,-1267.5132322717961,-0.07028959513320826,4523910006.478987,17624469765.479168
H4,Ridge + Brent e Câmbio,alpha=0.1,"{""alpha"": 0.1}",,48,0.31754643216940404,5726.2288091521505,8655.957669189915,0.7959411545394092,-5719.521516393585,-0.31717448110772206,3596428952.1987696,17624469765.479168
H4,Ridge + Brent e Câmbio,alpha=1,"{""alpha"": 1.0}",,48,0.27731596271963466,5000.763649316602,7876.610365791818,0.8310322182373471,-4905.032905730776,-0.2720072408561253,2977967561.015958,17624469765.479168
H4,Ridge + Brent e Câmbio,alpha=10,"{""alpha"": 10.0}",,48,0.26375862204408657,4756.28779669421,7733.190081551717,0.8371294556720169,-4569.814172814797,-0.2534177788940598,2870506984.195673,17624469765.479168
H4,Ridge + Brent e Câmbio,alpha=100,"{""alpha"": 100.0}",,48,0.26231003998675784,4730.1659087787075,7621.121183229303,0.8418158693344049,-4652.082351996959,-0.25797993797834495,2787911428.294388,17624469765.479168
H4,Ridge + Brent e Câmbio,alpha=1000,"{""alpha"": 1000.0}",,48,0.3791862893057237,6837.763658763429,10070.783240180623,0.7237821921355609,-3117.7894427339434,-0.1728961497684526,4868192403.39374,17624469765.479168
H4,Random Forest ampliada,trees=35;depth=5;leaf=4,"{""max_depth"": 5, ""min_leaf"": 4, ""n_trees"": 35}",10400,48,0.1460575352112722,2633.815975215752,5056.699417118398,0.9303598889443959,-357.57055707080616,-0.01982897617803588,1227370031.764106,17624469765.479168
H4,Random Forest ampliada,trees=100;depth=5;leaf=4,"{""max_depth"": 5, ""min_leaf"": 4, ""n_trees"": 100}",10400,48,0.15689123414164927,2829.177133900448,4901.239802428687,0.9345760018776719,-119.2812174903111,-0.006614706869263102,1153063276.8437374,17624469765.479168
H4,Random Forest ampliada,trees=300;depth=5;leaf=4,"{""max_depth"": 5, ""min_leaf"": 4, ""n_trees"": 300}",10400,48,0.14950144286027284,2695.919029125192,5172.245433865392,0.9271409629431269,-340.9048735591233,-0.018904785316095293,1284101895.7507875,17624469765.479168
H4,Random Forest ampliada,trees=500;depth=5;leaf=4,"{""max_depth"": 5, ""min_leaf"": 4, ""n_trees"": 500}",10400,48,0.14780771256841116,2665.3764494906713,5068.602014561434,0.9300316615055197,-307.12554526262846,-0.01703156202391966,1233154866.3367789,17624469765.479168
H4,Random Forest ampliada,trees=35;depth=7;leaf=3,"{""max_depth"": 7, ""min_leaf"": 3, ""n_trees"": 35}",10401,48,0.14625495958023968,2637.3760753922425,5757.571379132832,0.9097174454555514,-1186.040962862811,-0.06577157300488919,1591182152.918858,17624469765.479168
H4,Random Forest ampliada,trees=100;depth=7;leaf=3,"{""max_depth"": 7, ""min_leaf"": 3, ""n_trees"": 100}",10401,48,0.14005738896133674,2525.616962930275,5232.795534355,0.9254250950809347,-636.5937267820791,-0.03530212875147134,1314343157.00955,17624469765.479168
H4,Random Forest ampliada,trees=300;depth=7;leaf=3,"{""max_depth"": 7, ""min_leaf"": 3, ""n_trees"": 300}",10401,48,0.14616152626988957,2635.691217811554,5281.051145327588,0.924043328656545,-510.6385138292133,-0.028317317312851562,1338696057.5791597,17624469765.479168
H4,Random Forest ampliada,trees=500;depth=7;leaf=3,"{""max_depth"": 7, ""min_leaf"": 3, ""n_trees"": 500}",10401,48,0.1467881872958898,2646.9916263727214,5347.332619331493,0.922124728115616,-552.2961659837266,-0.03062743087189714,1372510374.8047972,17624469765.479168
H4,Gradient Boosting,n_estimators=60;learning_rate=0.05;max_depth=2;min_leaf=5,"{""learning_rate"": 0.05, ""max_depth"": 2, ""min_leaf"": 5, ""n_estimators"": 60}",10400,48,0.1654737443098354,2983.9432153335115,5574.484777386208,0.9153679920334129,-1175.8207777451555,-0.06520481547067482,1491594265.598907,17624469765.479168
H4,Gradient Boosting,n_estimators=80;learning_rate=0.03;max_depth=3;min_leaf=4,"{""learning_rate"": 0.03, ""max_depth"": 3, ""min_leaf"": 4, ""n_estimators"": 80}",10401,48,0.1750566920484996,3156.749916523164,6197.792835728615,0.8953837162651741,-1398.725127064409,-0.0775659144068963,1843806529.6612294,17624469765.479168
